company_id,display_name,parent_company,parent_confidence,hq_city,hq_state,website,ownership_note,source_ids
switch,"Switch, Inc.","Switch, Inc.",confirmed,Las Vegas,NV,https://www.switch.com,"Nevada-headquartered colocation operator; taken private by DigitalBridge and IFM Investors in 2022.",goed-biennial-2025
rackspace,Rackspace US Inc.,Rackspace Technology,confirmed,San Antonio,TX,https://www.rackspace.com,Withdrew from its Nevada data center abatement after approval.,goed-biennial-2025
viawest,ViaWest (now Flexential),Flexential,reported,Denver,CO,https://www.flexential.com,"ViaWest was acquired by Peak 10 in 2017; the combined company was renamed Flexential. Flexential is listed as operating in Clark County in the 2026 LCB inventory.",lcb-datacenters-2026
edgecore,"EdgeCore (MECP1 Reno 1, LLC)",EdgeCore Digital Infrastructure,reported,Denver,CO,https://www.edgecore.com,"Attributed to EdgeCore in contemporaneous coverage of the March 2018 GOED board meeting. Not confirmed in a GOED primary document; the abatement filings use the MECP1 shell name only.",nnbw-2018-03
google,"Google (Design, LLC)",Alphabet Inc. (Google),reported,Mountain View,CA,https://www.google.com,"""Design, LLC"" is widely reported as the Alphabet/Google entity used for its Nevada data centers. GOED filings do not name the parent.",tni-dc-analysis
novva,Novva Data Centers,Novva Data Centers,confirmed,West Jordan,UT,https://www.novva.com,"Privately held wholesale and colocation operator. Nevada projects filed as ""Novva Holdings, LLC"" (Clark) and ""Novva Reno, LLC"" (Storey).",goed-packet-novva-reno
vantage,Vantage Data Centers,Vantage Data Centers,confirmed,Denver,CO,https://vantage-dc.com,"Nevada projects filed as sequentially numbered single-purpose entities (NV11, NV12). Majority-owned by DigitalBridge and Silver Lake.",goed-packet-vantage-nv11
colovore,Colovore,Colovore,confirmed,Santa Clara,CA,https://www.colovore.com,High-density colocation operator; Reno 1 is its first Nevada facility.,nevbex-2026-08
apple,Apple Inc.,Apple Inc.,confirmed,Cupertino,CA,https://www.apple.com,"Operates a Washoe County data center with a Reno warehouse subsidiary. Its abatements predate NRS 360.754 (2015) and are therefore not in the data center abatement table; the City of Reno groups them under data centers for comparability.",reno-goed-memo-2025
